﻿<?xml version="1.0" encoding="utf-8"?>
<BBWebSettings xmlns:xsi="http://www.w3.org/2001/XMLSchema-instance" xmlns:xsd="http://www.w3.org/2001/XMLSchema">
  <!--Application-->
  <ShowMessageBoxOnException>false</ShowMessageBoxOnException>
  <ApplicationName>Budget Boss</ApplicationName>
  <DisableScreenScalingForMobileDevices>true</DisableScreenScalingForMobileDevices>
  
  <!--Email-->
  <EmailNotificationsEnabled>true</EmailNotificationsEnabled>
  <ThrowEmailFailExceptions>false</ThrowEmailFailExceptions>
  <EmailProvider>GMail</EmailProvider><!--GMail/Exchange-->
  <ExchangeSmtpServer>192.168.1.14</ExchangeSmtpServer>
  <ExchangeSmtpUserName>internal\toadnuts</ExchangeSmtpUserName>
  <ExchangeSmtpPassword>d@t@sm1th</ExchangeSmtpPassword>
  <ExchangeSmtpPort>21</ExchangeSmtpPort>
  <ExchangeSmtpEnableSsl>false</ExchangeSmtpEnableSsl>
  <GMailSMTPServer>smtp.gmail.com</GMailSMTPServer>
  <GMailSmtpUserName>notifications@figlut.com</GMailSmtpUserName>
  <GMailSmtpPassword>f!GlUT.n0t!fIKaTiOns27-1</GMailSmtpPassword>
  <GMailSmtpPort>587</GMailSmtpPort>
  <SenderEmailAddress>paulkolo@figlut.com</SenderEmailAddress>
  <SenderDisplayName>Budget Boss Notifications</SenderDisplayName>
  <ExceptionEmailSubject>Budget Boss - Technical Alert</ExceptionEmailSubject>
  <SendEmailOnException>true</SendEmailOnException>
  <EmailLoggingEnabled>true</EmailLoggingEnabled>
  <IncludeDefaultEmailRecipients>true</IncludeDefaultEmailRecipients>
  <DefaultEmailRecipients>
    <EmailNotificationRecipient>
      <EmailAddress>paul@datasmith.co.za</EmailAddress>
      <DisplayName>Paul Kolozsvari</DisplayName>
    </EmailNotificationRecipient>
  </DefaultEmailRecipients>

  <!--Logging-->
  <LogToFile>false</LogToFile>
  <LogToWindowsEventLog>true</LogToWindowsEventLog>
  <LogToConsole>false</LogToConsole>
  <LogFileName>BudgetBoss.Log.txt</LogFileName>
  <EventSourceName>BudgetBoss.Source</EventSourceName>
  <EventLogName>BudgetBoss.Log</EventLogName>
  <LoggingLevel>Maximum</LoggingLevel>
  
  <!--Database-->
  <DatabaseConnectionString>Data Source=PAULKOLOZSV38D1\MSSQLEXPRESS2012;Initial Catalog=BudgetBoss;Persist Security Info=True;User ID=sa;Password=27830529</DatabaseConnectionString>
  <DatabaseCommandTimeout>30000</DatabaseCommandTimeout>
  <LinqToSQLClassesAssemblyFileName>BudgetBoss.ORM.dll</LinqToSQLClassesAssemblyFileName>
  <LinqToSQLClassesNamespace>BudgetBoss.ORM</LinqToSQLClassesNamespace>
</BBWebSettings>